<manifest alg="2" build="314" opt="false" iceEnabled="true">
  <folder name="css">
    <file name="site_global.css" crc="417434784"/>
    <file name="index.css" crc="520070209" ref="index"/>
    <file name="problem.css" crc="4225158197" ref="problem"/>
  </folder>
  <folder name="scripts">
    <file name="jquery-1.8.3.min.js" crc="209076791" ref="index:problem"/>
    <file name="museutils.js" crc="3865766194" ref="index:problem"/>
    <file name="pie.js" crc="3827607177" ref="index"/>
    <file name="jquery.watch.js" crc="4068933136" ref="index:problem"/>
    <file name="webpro.js" crc="3903299128" ref="index:problem"/>
    <file name="form_check.php" crc="4257733307" ref="problem"/>
    <file name="form_throttle.php" crc="3966014863" ref="problem"/>
    <file name="jquery.tobrowserwidth.js" crc="3842421675" ref="index"/>
    <file name="jquery.musepolyfill.bgsize.js" crc="291134478" ref="index"/>
    <file name="jquery.musemenu.js" crc="3788803530" ref="index"/>
    <file name="musewpslideshow.js" crc="138381373" ref="index"/>
    <file name="jquery.museoverlay.js" crc="4250894771" ref="index"/>
    <file name="touchswipe.js" crc="4156838003" ref="index"/>
    <file name="form-u174.php" crc="3791700491" ref="problem"/>
  </folder>
  <folder name="images">
    <file name="lmaudio watermark.png" crc="4179882692" ref="index:problem"/>
    <file name="isfahan_lotfollah_mosque_ceiling_symmetric.jpg" crc="4035192771" ref="index"/>
    <file name="u106-4.png" crc="3936504582" ref="index"/>
    <file name="menu-icon-u141-fr.png" crc="3911361872" ref="index"/>
    <file name="u86-6.png" crc="3824855254" ref="index"/>
    <file name="u176-17.png" crc="236349253" ref="problem"/>
    <file name="u176-17-r.png" crc="401733888" ref="problem"/>
    <file name="u176-17-m.png" crc="345933530" ref="problem"/>
    <file name="u176-17-fs.png" crc="3869785650" ref="problem"/>
  </folder>
  <file name="index.html" crc="3806997887" mt="1480359581542" redirect="true"/>
  <file name="problem.html" crc="3015793" mt="1480359559808" redirect="true"/>
</manifest>