<manifest alg="2" build="314" opt="false" iceEnabled="true">
  <folder name="css">
    <file name="site_global.css" crc="417434784"/>
    <file name="index.css" crc="4226894692" ref="index"/>
  </folder>
  <folder name="scripts">
    <file name="jquery-1.8.3.min.js" crc="209076791" ref="index"/>
    <file name="museutils.js" crc="3865766194" ref="index"/>
    <file name="pie.js" crc="3827607177" ref="index"/>
    <file name="jquery.watch.js" crc="4068933136" ref="index"/>
    <file name="jquery.tobrowserwidth.js" crc="3842421675" ref="index"/>
  </folder>
  <folder name="images">
    <file name="stream_control_logo.jpg" crc="338794919" ref="index"/>
    <file name="u95-4.png" crc="80358574" ref="index"/>
    <file name="u108-4.png" crc="4171896410" ref="index"/>
  </folder>
  <file name="index.html" crc="280349981" mt="1475184497807" redirect="true"/>
</manifest>